Table.S3	Row.names	p_val	avg_logFC	pct.1	pct.2	p_val_adj	keggList..spu..	ID	X	gene_id	gene_short_name	cell_group	marker_score	mean_expression	fraction_expressing	specificity	pseudo_R2	marker_test_p_value	marker_test_q_value	V1	uniprot	u_ev	spurAcc	s_ev	spID02	sp_ecb	dmel	dmel_ev	cel_ID	cel_ev	cel_sym	HitAcc	HitDesc	E.Value
1	Alx1	1.96e-192	2.251039198	1	0.311	4.27e-188	NA	NA		NA	NA	NA	NA	NA	NA	NA	NA	NA	NA	NA	NA	NA	NA	NA	NA	NA	NA	NA	NA	NA	NA	NA	NA	NA
2	blimp1/krox	1.14e-168	1.727013561	0.984	0.346	2.48e-164	NA	NA		LOC105338218	PR domain zinc finger protein 1	11	0.416270520279275	1.89834704905652	0.870967741935484	0.477940226987316	0.502315004620388	8.82633468071464e-117	3.51108063064956e-111	lcl|NW_011936226.1_cds_XP_011441524.1_21186	sp|O75626|PRDM1_HUMAN	9.99e-76	NP_999739.2	9.15e-58	1791034359	ECB-GENE-23128359	FBgn0035625	3.34e-40	F25D7.3b.1	3.72e-67	blmp-1	XP_011441524.1	PREDICTED: PR domain zinc finger protein 1 isoform X2 [Crassostrea gigas]	0
2	blimp1/krox	1.14e-168	1.727013561	0.984	0.346	2.48e-164	NA	NA		LOC105338218	PR domain zinc finger protein 1	11	0.416270520279275	1.89834704905652	0.870967741935484	0.477940226987316	0.502315004620388	8.82633468071464e-117	3.51108063064956e-111	lcl|NW_011936226.1_cds_XP_011441523.1_21187	sp|O75626|PRDM1_HUMAN	4.17e-76	NP_999739.2	4.07e-58	1791034359	ECB-GENE-23128359	FBgn0035625	3.38e-40	F25D7.3b.1	2.19e-67	blmp-1	XP_011441523.1	PREDICTED: PR domain zinc finger protein 1 isoform X1 [Crassostrea gigas]	0
2	blimp1/krox	1.14e-168	1.727013561	0.984	0.346	2.48e-164	NA	NA		LOC105338218	PR domain zinc finger protein 1	11	0.416270520279275	1.89834704905652	0.870967741935484	0.477940226987316	0.502315004620388	8.82633468071464e-117	3.51108063064956e-111	lcl|NW_011936226.1_cds_XP_011441525.1_21188	sp|O75626|PRDM1_HUMAN	1.02e-75	NP_999739.2	8.08e-58	1791034359	ECB-GENE-23128359	FBgn0035625	3.28e-40	F25D7.3b.1	2.98e-67	blmp-1	XP_011441525.1	PREDICTED: PR domain zinc finger protein 1 isoform X3 [Crassostrea gigas]	0
2	blimp1/krox	1.14e-168	1.727013561	0.984	0.346	2.48e-164	NA	NA		LOC105338218	PR domain zinc finger protein 1	11	0.416270520279275	1.89834704905652	0.870967741935484	0.477940226987316	0.502315004620388	8.82633468071464e-117	3.51108063064956e-111	lcl|NW_011936226.1_cds_XP_011441526.1_21189	sp|O75626|PRDM1_HUMAN	1.28e-76	NP_999739.2	1.57e-58	1791034359	ECB-GENE-23128359	FBgn0035625	2.75e-40	F25D7.3b.1	2.47e-68	blmp-1	XP_011441523.1	PREDICTED: PR domain zinc finger protein 1 isoform X1 [Crassostrea gigas]	0
2	blimp1/krox	1.14e-168	1.727013561	0.984	0.346	2.48e-164	NA	NA		LOC105338218	PR domain zinc finger protein 1	11	0.416270520279275	1.89834704905652	0.870967741935484	0.477940226987316	0.502315004620388	8.82633468071464e-117	3.51108063064956e-111	lcl|NW_011936226.1_cds_XP_011441527.1_21190	sp|O75626|PRDM1_HUMAN	1.28e-76	NP_999739.2	1.57e-58	1791034359	ECB-GENE-23128359	FBgn0035625	2.75e-40	F25D7.3b.1	2.47e-68	blmp-1	XP_011441523.1	PREDICTED: PR domain zinc finger protein 1 isoform X1 [Crassostrea gigas]	0
3	delta	0	1.751849843	0.976	0.102	0	NA	NA		NA	NA	NA	NA	NA	NA	NA	NA	NA	NA	NA	NA	NA	NA	NA	NA	NA	NA	NA	NA	NA	NA	NA	NA	NA
4	dri	3.08e-111	0.452320539	0.282	0.016	6.72e-107	NA	NA		NA	NA	NA	NA	NA	NA	NA	NA	NA	NA	NA	NA	NA	NA	NA	NA	NA	NA	NA	NA	NA	NA	NA	NA	NA
5	ets1	7.67e-37	0.467156569	0.484	0.209	1.67e-32	NA	NA		NA	NA	NA	NA	NA	NA	NA	NA	NA	NA	NA	NA	NA	NA	NA	NA	NA	NA	NA	NA	NA	NA	NA	NA	NA
6	Hbox7	2.02e-67	0.619326349	0.683	0.229	4.4e-63	NA	NA		NA	NA	NA	NA	NA	NA	NA	NA	NA	NA	NA	NA	NA	NA	NA	NA	NA	NA	NA	NA	NA	NA	NA	NA	NA
10	LOC100048987	1.34e-66	0.518096744	0.433	0.093	2.91e-62	dickkopf-1 precursor	spu:100048987		NA	NA	NA	NA	NA	NA	NA	NA	NA	NA	NA	NA	NA	NA	NA	NA	NA	NA	NA	NA	NA	NA	NA	NA	NA
338	LOC100888257	2.03e-24	0.318994937	1	0.992	4.43e-20	immediate early response gene 5-like protein	spu:100888257		NA	NA	NA	NA	NA	NA	NA	NA	NA	NA	NA	NA	NA	NA	NA	NA	NA	NA	NA	NA	NA	NA	NA	NA	NA
589	LOC100888674	1.49e-39	0.536835375	0.952	0.898	3.26e-35	uncharacterized protein LOC100888674	spu:100888674		NA	NA	NA	NA	NA	NA	NA	NA	NA	NA	NA	NA	NA	NA	NA	NA	NA	NA	NA	NA	NA	NA	NA	NA	NA
601	LOC100888691	9.78e-14	0.288889226	0.877	0.877	2.13e-9	protein LKAAEAR1	spu:100888691		NA	NA	NA	NA	NA	NA	NA	NA	NA	NA	NA	NA	NA	NA	NA	NA	NA	NA	NA	NA	NA	NA	NA	NA	NA
1225	LOC100889692	2.62e-9	0.285755904	0.71	0.691	5.71e-5	THAP domain-containing protein 2	spu:100889692		NA	NA	NA	NA	NA	NA	NA	NA	NA	NA	NA	NA	NA	NA	NA	NA	NA	NA	NA	NA	NA	NA	NA	NA	NA
1723	LOC100890511	6.07e-151	0.286046055	0.234	0.002	1.32e-146	homeobox protein ceh-36	spu:100890511		NA	NA	NA	NA	NA	NA	NA	NA	NA	NA	NA	NA	NA	NA	NA	NA	NA	NA	NA	NA	NA	NA	NA	NA	NA
1742	LOC100890540	4.9e-17	0.313598926	0.766	0.716	1.07e-12	uncharacterized protein LOC100890540 isoform X1	spu:100890540		NA	NA	NA	NA	NA	NA	NA	NA	NA	NA	NA	NA	NA	NA	NA	NA	NA	NA	NA	NA	NA	NA	NA	NA	NA
1915	LOC100890824	1.55e-67	0.398874023	0.302	0.04	3.37e-63	RNA binding protein fox-1 homolog 3 isoform X1	spu:100890824		NA	NA	NA	NA	NA	NA	NA	NA	NA	NA	NA	NA	NA	NA	NA	NA	NA	NA	NA	NA	NA	NA	NA	NA	NA
1962	LOC100890901	6.22e-25	0.533650979	0.635	0.383	1.36e-20	zinc finger protein 574	spu:100890901		NA	NA	NA	NA	NA	NA	NA	NA	NA	NA	NA	NA	NA	NA	NA	NA	NA	NA	NA	NA	NA	NA	NA	NA	NA
2217	LOC100891322	1.33e-7	0.25481086	0.524	0.465	0.002904724	NA	NA		NA	NA	NA	NA	NA	NA	NA	NA	NA	NA	NA	NA	NA	NA	NA	NA	NA	NA	NA	NA	NA	NA	NA	NA	NA
2436	LOC100891660	5.54e-163	1.604198323	0.952	0.271	1.21e-158	NA	NA		NA	NA	NA	NA	NA	NA	NA	NA	NA	NA	NA	NA	NA	NA	NA	NA	NA	NA	NA	NA	NA	NA	NA	NA	NA
2622	LOC100891963	8.51e-7	0.252578782	0.337	0.247	0.018567149	uncharacterized protein LOC100891963 isoform X1	spu:100891963		NA	NA	NA	NA	NA	NA	NA	NA	NA	NA	NA	NA	NA	NA	NA	NA	NA	NA	NA	NA	NA	NA	NA	NA	NA
2807	LOC100892279	8.45e-129	0.317772687	0.206	0.003	1.84e-124	mucin-17 isoform X1	spu:100892279		NA	NA	NA	NA	NA	NA	NA	NA	NA	NA	NA	NA	NA	NA	NA	NA	NA	NA	NA	NA	NA	NA	NA	NA	NA
2965	LOC100892571	1.29e-37	1.302972776	0.444	0.174	2.82e-33	uncharacterized protein LOC100892571	spu:100892571		NA	NA	NA	NA	NA	NA	NA	NA	NA	NA	NA	NA	NA	NA	NA	NA	NA	NA	NA	NA	NA	NA	NA	NA	NA
2996	LOC100892641	5.69e-24	1.191287424	0.452	0.243	1.24e-19	uncharacterized protein LOC100892641	spu:100892641		NA	NA	NA	NA	NA	NA	NA	NA	NA	NA	NA	NA	NA	NA	NA	NA	NA	NA	NA	NA	NA	NA	NA	NA	NA
3089	LOC100892796	5.43e-85	0.329969756	0.234	0.016	1.18e-80	uncharacterized protein LOC100892796	spu:100892796		NA	NA	NA	NA	NA	NA	NA	NA	NA	NA	NA	NA	NA	NA	NA	NA	NA	NA	NA	NA	NA	NA	NA	NA	NA
3160	LOC100892930	5.24e-38	0.447481698	0.385	0.124	1.14e-33	NA	NA		NA	NA	NA	NA	NA	NA	NA	NA	NA	NA	NA	NA	NA	NA	NA	NA	NA	NA	NA	NA	NA	NA	NA	NA	NA
3210	LOC100893012	7.58e-11	0.311236488	0.639	0.576	1.65e-6	zinc finger protein 816	spu:100893012		NA	NA	NA	NA	NA	NA	NA	NA	NA	NA	NA	NA	NA	NA	NA	NA	NA	NA	NA	NA	NA	NA	NA	NA	NA
3341	LOC100893226	4.77e-43	0.584371026	0.563	0.248	1.04e-38	NA	NA		NA	NA	NA	NA	NA	NA	NA	NA	NA	NA	NA	NA	NA	NA	NA	NA	NA	NA	NA	NA	NA	NA	NA	NA	NA
3456	LOC100893407	8.19e-19	0.342046822	0.44	0.252	1.79e-14	wiskott-Aldrich syndrome protein homolog 1 isoform X2	spu:100893407		NA	NA	NA	NA	NA	NA	NA	NA	NA	NA	NA	NA	NA	NA	NA	NA	NA	NA	NA	NA	NA	NA	NA	NA	NA
3601	LOC100893636	1.46e-6	0.284289196	0.528	0.478	0.031926982	NA	NA		NA	NA	NA	NA	NA	NA	NA	NA	NA	NA	NA	NA	NA	NA	NA	NA	NA	NA	NA	NA	NA	NA	NA	NA	NA
3680	LOC100893770	3.86e-85	0.624038521	0.448	0.081	8.42e-81	glutamic acid-rich protein	spu:100893770		NA	NA	NA	NA	NA	NA	NA	NA	NA	NA	NA	NA	NA	NA	NA	NA	NA	NA	NA	NA	NA	NA	NA	NA	NA
4040	LOC105436651	2.27e-25	0.421813716	0.619	0.411	4.96e-21	60S ribosomal protein L14-like isoform X1	spu:105436651		NA	NA	NA	NA	NA	NA	NA	NA	NA	NA	NA	NA	NA	NA	NA	NA	NA	NA	NA	NA	NA	NA	NA	NA	NA
4273	LOC105437261	2.88e-78	0.264277767	0.155	0.005	6.29e-74	uncharacterized protein LOC105437261	spu:105437261		NA	NA	NA	NA	NA	NA	NA	NA	NA	NA	NA	NA	NA	NA	NA	NA	NA	NA	NA	NA	NA	NA	NA	NA	NA
4798	LOC105438574	0	2.307533215	0.992	0.121	0	formin-like protein 14	spu:105438574		NA	NA	NA	NA	NA	NA	NA	NA	NA	NA	NA	NA	NA	NA	NA	NA	NA	NA	NA	NA	NA	NA	NA	NA	NA
5074	LOC105439260	7.57e-58	0.491326948	0.417	0.101	1.65e-53	uncharacterized protein LOC105439260	spu:105439260		NA	NA	NA	NA	NA	NA	NA	NA	NA	NA	NA	NA	NA	NA	NA	NA	NA	NA	NA	NA	NA	NA	NA	NA	NA
5075	LOC105439261	3.62e-51	0.45827053	0.381	0.093	7.9e-47	uncharacterized protein LOC105439261	spu:105439261		NA	NA	NA	NA	NA	NA	NA	NA	NA	NA	NA	NA	NA	NA	NA	NA	NA	NA	NA	NA	NA	NA	NA	NA	NA
5172	LOC105439514	7.34e-31	0.369943432	0.353	0.121	1.6e-26	uncharacterized protein CG13380-like	spu:105439514		NA	NA	NA	NA	NA	NA	NA	NA	NA	NA	NA	NA	NA	NA	NA	NA	NA	NA	NA	NA	NA	NA	NA	NA	NA
5334	LOC105439885	1.45e-242	1.130798361	0.821	0.098	3.16e-238	zinc metalloproteinase nas-6	spu:105439885		NA	NA	NA	NA	NA	NA	NA	NA	NA	NA	NA	NA	NA	NA	NA	NA	NA	NA	NA	NA	NA	NA	NA	NA	NA
5602	LOC105440575	1.26e-20	0.552239896	0.5	0.308	2.74e-16	uncharacterized protein LOC105440575 isoform X1	spu:105440575		NA	NA	NA	NA	NA	NA	NA	NA	NA	NA	NA	NA	NA	NA	NA	NA	NA	NA	NA	NA	NA	NA	NA	NA	NA
5695	LOC105440838	3.18e-179	1.433732074	0.722	0.112	6.95e-175	NA	NA		NA	NA	NA	NA	NA	NA	NA	NA	NA	NA	NA	NA	NA	NA	NA	NA	NA	NA	NA	NA	NA	NA	NA	NA	NA
5828	LOC105441189	1.13e-13	0.361591847	0.639	0.549	2.46e-9	40S ribosomal protein S21	spu:105441189		NA	NA	NA	NA	NA	NA	NA	NA	NA	NA	NA	NA	NA	NA	NA	NA	NA	NA	NA	NA	NA	NA	NA	NA	NA
5926	LOC105441502	8.84e-40	0.382898492	0.325	0.082	1.93e-35	zinc finger protein 835-like	spu:105441502		NA	NA	NA	NA	NA	NA	NA	NA	NA	NA	NA	NA	NA	NA	NA	NA	NA	NA	NA	NA	NA	NA	NA	NA	NA
5927	LOC105441503	7.18e-30	0.336426145	0.262	0.067	1.57e-25	zinc finger protein 574-like	spu:105441503		NA	NA	NA	NA	NA	NA	NA	NA	NA	NA	NA	NA	NA	NA	NA	NA	NA	NA	NA	NA	NA	NA	NA	NA	NA
6613	LOC105443290	1.83e-53	0.342906337	0.278	0.045	3.99e-49	uncharacterized protein LOC105443290	spu:105443290		NA	NA	NA	NA	NA	NA	NA	NA	NA	NA	NA	NA	NA	NA	NA	NA	NA	NA	NA	NA	NA	NA	NA	NA	NA
6642	LOC105443369	1.70388e-4	0.29917156	0.468	0.464	1	NA	NA		NA	NA	NA	NA	NA	NA	NA	NA	NA	NA	NA	NA	NA	NA	NA	NA	NA	NA	NA	NA	NA	NA	NA	NA	NA
6971	LOC105444259	3.4e-134	0.664291903	0.627	0.1	7.41e-130	uncharacterized protein LOC105444259	spu:105444259		NA	NA	NA	NA	NA	NA	NA	NA	NA	NA	NA	NA	NA	NA	NA	NA	NA	NA	NA	NA	NA	NA	NA	NA	NA
7313	LOC105445164	2.36e-16	0.306256321	0.829	0.786	5.14e-12	uncharacterized protein LOC105445164	spu:105445164		NA	NA	NA	NA	NA	NA	NA	NA	NA	NA	NA	NA	NA	NA	NA	NA	NA	NA	NA	NA	NA	NA	NA	NA	NA
7324	LOC105445187	6.97e-40	0.656139624	0.817	0.676	1.52e-35	NA	NA		NA	NA	NA	NA	NA	NA	NA	NA	NA	NA	NA	NA	NA	NA	NA	NA	NA	NA	NA	NA	NA	NA	NA	NA	NA
7444	LOC105445520	3.36e-63	0.522567728	0.329	0.054	7.34e-59	uncharacterized protein LOC105445520	spu:105445520		NA	NA	NA	NA	NA	NA	NA	NA	NA	NA	NA	NA	NA	NA	NA	NA	NA	NA	NA	NA	NA	NA	NA	NA	NA
7544	LOC105445781	4.15e-39	0.3221183	0.262	0.054	9.06e-35	uncharacterized protein LOC105445781	spu:105445781		NA	NA	NA	NA	NA	NA	NA	NA	NA	NA	NA	NA	NA	NA	NA	NA	NA	NA	NA	NA	NA	NA	NA	NA	NA
7569	LOC105445861	2.4e-21	0.365955125	0.817	0.695	5.24e-17	ATP synthase subunit f, mitochondrial-like	spu:105445861		NA	NA	NA	NA	NA	NA	NA	NA	NA	NA	NA	NA	NA	NA	NA	NA	NA	NA	NA	NA	NA	NA	NA	NA	NA
7585	LOC105445898	1.41e-104	0.41386796	0.302	0.022	3.08e-100	NA	NA		NA	NA	NA	NA	NA	NA	NA	NA	NA	NA	NA	NA	NA	NA	NA	NA	NA	NA	NA	NA	NA	NA	NA	NA	NA
8075	LOC105447187	1.25e-200	1.279723729	0.845	0.147	2.73e-196	uncharacterized protein LOC105447187	spu:105447187		NA	NA	NA	NA	NA	NA	NA	NA	NA	NA	NA	NA	NA	NA	NA	NA	NA	NA	NA	NA	NA	NA	NA	NA	NA
8079	LOC105447194	1.23e-35	0.429847185	0.972	0.94	2.69e-31	gamma-aminobutyric acid receptor-associated protein	spu:105447194		NA	NA	NA	NA	NA	NA	NA	NA	NA	NA	NA	NA	NA	NA	NA	NA	NA	NA	NA	NA	NA	NA	NA	NA	NA
8185	LOC105447505	1.74e-57	0.714182396	0.563	0.196	3.79e-53	uncharacterized protein LOC105447505 isoform X4	spu:105447505		NA	NA	NA	NA	NA	NA	NA	NA	NA	NA	NA	NA	NA	NA	NA	NA	NA	NA	NA	NA	NA	NA	NA	NA	NA
16487	LOC373243	2.81e-175	1.985728858	0.996	0.33	6.14e-171	zinc finger protein similar to Kruppel	spu:373243	SpKrl?	NA	NA	NA	NA	NA	NA	NA	NA	NA	NA	NA	NA	NA	NA	NA	NA	NA	NA	NA	NA	NA	NA	NA	NA	NA
16490	LOC373246	1.64e-34	0.472815965	0.738	0.514	3.57e-30	60S ribosomal protein L18	spu:373246		NA	NA	NA	NA	NA	NA	NA	NA	NA	NA	NA	NA	NA	NA	NA	NA	NA	NA	NA	NA	NA	NA	NA	NA	NA
16568	LOC373382	3.76e-12	0.261225842	0.698	0.613	8.2e-8	mitochondrial ATP synthase alpha subunit precursor	spu:373382		NA	NA	NA	NA	NA	NA	NA	NA	NA	NA	NA	NA	NA	NA	NA	NA	NA	NA	NA	NA	NA	NA	NA	NA	NA
16631	LOC373518	1.92e-66	0.430325582	0.206	0.017	4.19e-62	primary mesenchyme specific protein MSP130-related-2 precursor	spu:373518		NA	NA	NA	NA	NA	NA	NA	NA	NA	NA	NA	NA	NA	NA	NA	NA	NA	NA	NA	NA	NA	NA	NA	NA	NA
16718	LOC574601	1.71e-34	0.48678713	0.675	0.428	3.72e-30	T-complex protein 1 subunit gamma	spu:574601		NA	NA	NA	NA	NA	NA	NA	NA	NA	NA	NA	NA	NA	NA	NA	NA	NA	NA	NA	NA	NA	NA	NA	NA	NA
16746	LOC574665	3.45e-15	0.37044093	0.833	0.774	7.53e-11	DNA (cytosine-5)-methyltransferase PliMCI	spu:574665		NA	NA	NA	NA	NA	NA	NA	NA	NA	NA	NA	NA	NA	NA	NA	NA	NA	NA	NA	NA	NA	NA	NA	NA	NA
16838	LOC574833	6.69e-15	0.272410177	0.345	0.183	1.46e-10	asparagine--tRNA ligase, cytoplasmic	spu:574833		NA	NA	NA	NA	NA	NA	NA	NA	NA	NA	NA	NA	NA	NA	NA	NA	NA	NA	NA	NA	NA	NA	NA	NA	NA
16856	LOC574860	1.14e-255	1.816082508	0.976	0.176	2.48e-251	serine/threonine-protein kinase B-raf	spu:574860		NA	NA	NA	NA	NA	NA	NA	NA	NA	NA	NA	NA	NA	NA	NA	NA	NA	NA	NA	NA	NA	NA	NA	NA	NA
16910	LOC574970	1.06e-17	0.393802122	0.619	0.502	2.31e-13	S-phase kinase-associated protein 2	spu:574970		NA	NA	NA	NA	NA	NA	NA	NA	NA	NA	NA	NA	NA	NA	NA	NA	NA	NA	NA	NA	NA	NA	NA	NA	NA
16931	LOC575008	6.19e-20	0.281690443	0.258	0.092	1.35e-15	uncharacterized protein LOC575008	spu:575008		NA	NA	NA	NA	NA	NA	NA	NA	NA	NA	NA	NA	NA	NA	NA	NA	NA	NA	NA	NA	NA	NA	NA	NA	NA
16938	LOC575018	7.19e-17	0.311533774	0.964	0.957	1.57e-12	14-3-3-like protein 2	spu:575018		NA	NA	NA	NA	NA	NA	NA	NA	NA	NA	NA	NA	NA	NA	NA	NA	NA	NA	NA	NA	NA	NA	NA	NA	NA
17015	LOC575151	0	2.325486232	0.798	0.028	0	SPRY domain-containing SOCS box protein 3	spu:575151		LOC105318387	SPRY domain-containing SOCS box protein 3	12	0.551929020464287	1.39679418463153	0.72108843537415	0.765411000077832	0.529388653505557	2.26923758145572e-96	9.02693632952758e-91	lcl|NW_011937578.1_cds_XP_011413771.1_37427	sp|Q5M9B1|SPSB3_XENLA	5.97e-32	XP_780661.1	1.14e-80	72010868	ECB-GENE-23060797	NA	NA	Y46E12BL.4b.1	1.73e-17	spsb-1	XP_011413771.1	PREDICTED: SPRY domain-containing SOCS box protein 3 [Crassostrea gigas]	2e-174
17079	LOC575267	4.41e-284	1.055115575	0.56	0.02	9.62e-280	E3 ubiquitin-protein ligase MARCH8 isoform X2	spu:575267		NA	NA	NA	NA	NA	NA	NA	NA	NA	NA	NA	NA	NA	NA	NA	NA	NA	NA	NA	NA	NA	NA	NA	NA	NA
17105	LOC575309	1.45e-65	0.294473026	0.25	0.028	3.17e-61	SIN3-HDAC complex-associated factor isoform X2	spu:575309		NA	NA	NA	NA	NA	NA	NA	NA	NA	NA	NA	NA	NA	NA	NA	NA	NA	NA	NA	NA	NA	NA	NA	NA	NA
17159	LOC575412	7.35e-34	0.407026656	0.401	0.135	1.6e-29	zinc finger protein 503	spu:575412		NA	NA	NA	NA	NA	NA	NA	NA	NA	NA	NA	NA	NA	NA	NA	NA	NA	NA	NA	NA	NA	NA	NA	NA	NA
17183	LOC575449	1.25e-61	0.293914784	1	1	2.73e-57	late histone H2A.2.1	spu:575449		NA	NA	NA	NA	NA	NA	NA	NA	NA	NA	NA	NA	NA	NA	NA	NA	NA	NA	NA	NA	NA	NA	NA	NA	NA
17272	LOC575628	1.95e-108	0.805780361	0.583	0.115	4.26e-104	cyclophilin 1 precursor	spu:575628		NA	NA	NA	NA	NA	NA	NA	NA	NA	NA	NA	NA	NA	NA	NA	NA	NA	NA	NA	NA	NA	NA	NA	NA	NA
17373	LOC575808	1.98e-9	0.269062207	0.738	0.72	4.33e-5	T-complex protein 1 subunit epsilon	spu:575808		NA	NA	NA	NA	NA	NA	NA	NA	NA	NA	NA	NA	NA	NA	NA	NA	NA	NA	NA	NA	NA	NA	NA	NA	NA
17386	LOC575826	5.89e-28	0.305974877	0.226	0.056	1.29e-23	hematopoietically-expressed homeobox protein HHEX homolog	spu:575826		NA	NA	NA	NA	NA	NA	NA	NA	NA	NA	NA	NA	NA	NA	NA	NA	NA	NA	NA	NA	NA	NA	NA	NA	NA
17462	LOC575965	3.68e-52	0.350611474	1	0.999	8.04e-48	cyclin-dependent kinase 1	spu:575965		NA	NA	NA	NA	NA	NA	NA	NA	NA	NA	NA	NA	NA	NA	NA	NA	NA	NA	NA	NA	NA	NA	NA	NA	NA
17776	LOC576546	1.58e-11	0.264760797	0.766	0.743	3.44e-7	late histone H2B.L4-like	spu:576546		NA	NA	NA	NA	NA	NA	NA	NA	NA	NA	NA	NA	NA	NA	NA	NA	NA	NA	NA	NA	NA	NA	NA	NA	NA
17787	LOC576570	1.1e-110	1.098886516	0.718	0.2	2.39e-106	ELAV-like protein 3 isoform X4	spu:576570		NA	NA	NA	NA	NA	NA	NA	NA	NA	NA	NA	NA	NA	NA	NA	NA	NA	NA	NA	NA	NA	NA	NA	NA	NA
17805	LOC576611	5.61e-19	0.333067448	0.738	0.613	1.22e-14	axin-1 isoform X1	spu:576611		NA	NA	NA	NA	NA	NA	NA	NA	NA	NA	NA	NA	NA	NA	NA	NA	NA	NA	NA	NA	NA	NA	NA	NA	NA
17821	LOC576641	7.04e-23	0.449789481	0.544	0.338	1.54e-18	proliferation-associated protein 2G4	spu:576641		NA	NA	NA	NA	NA	NA	NA	NA	NA	NA	NA	NA	NA	NA	NA	NA	NA	NA	NA	NA	NA	NA	NA	NA	NA
17829	LOC576654	1.36e-24	0.384921486	0.687	0.499	2.96e-20	40S ribosomal protein S26 isoform X1	spu:576654		NA	NA	NA	NA	NA	NA	NA	NA	NA	NA	NA	NA	NA	NA	NA	NA	NA	NA	NA	NA	NA	NA	NA	NA	NA
17870	LOC576715	6.12e-47	0.709228971	0.837	0.487	1.33e-42	transcription factor Sp5	spu:576715		NA	NA	NA	NA	NA	NA	NA	NA	NA	NA	NA	NA	NA	NA	NA	NA	NA	NA	NA	NA	NA	NA	NA	NA	NA
17936	LOC576833	3.13e-26	0.460554889	0.429	0.202	6.83e-22	LHFPL tetraspan subfamily member 2a protein	spu:576833		NA	NA	NA	NA	NA	NA	NA	NA	NA	NA	NA	NA	NA	NA	NA	NA	NA	NA	NA	NA	NA	NA	NA	NA	NA
17997	LOC576964	3.1e-7	0.261646112	0.635	0.628	0.006775011	tektin-1	spu:576964		NA	NA	NA	NA	NA	NA	NA	NA	NA	NA	NA	NA	NA	NA	NA	NA	NA	NA	NA	NA	NA	NA	NA	NA	NA
18043	LOC577040	8.04e-14	0.285201329	0.575	0.437	1.76e-9	40S ribosomal protein S16	spu:577040		NA	NA	NA	NA	NA	NA	NA	NA	NA	NA	NA	NA	NA	NA	NA	NA	NA	NA	NA	NA	NA	NA	NA	NA	NA
18244	LOC577393	3.27e-13	0.328560392	0.583	0.488	7.14e-9	T-complex protein 1 subunit zeta	spu:577393		NA	NA	NA	NA	NA	NA	NA	NA	NA	NA	NA	NA	NA	NA	NA	NA	NA	NA	NA	NA	NA	NA	NA	NA	NA
18247	LOC577398	7.78e-15	0.331908797	0.575	0.426	1.7e-10	uncharacterized protein LOC577398 isoform X1	spu:577398		NA	NA	NA	NA	NA	NA	NA	NA	NA	NA	NA	NA	NA	NA	NA	NA	NA	NA	NA	NA	NA	NA	NA	NA	NA
18421	LOC577697	2.49e-19	0.331826867	0.806	0.755	5.43e-15	dnaJ homolog subfamily C member 5	spu:577697		NA	NA	NA	NA	NA	NA	NA	NA	NA	NA	NA	NA	NA	NA	NA	NA	NA	NA	NA	NA	NA	NA	NA	NA	NA
18459	LOC577782	5.12e-32	0.518412763	0.353	0.113	1.12e-27	uncharacterized protein LOC577782	spu:577782		NA	NA	NA	NA	NA	NA	NA	NA	NA	NA	NA	NA	NA	NA	NA	NA	NA	NA	NA	NA	NA	NA	NA	NA	NA
18483	LOC577815	8.45e-16	0.35830881	0.742	0.653	1.84e-11	max-interacting protein 1 isoform X2	spu:577815		NA	NA	NA	NA	NA	NA	NA	NA	NA	NA	NA	NA	NA	NA	NA	NA	NA	NA	NA	NA	NA	NA	NA	NA	NA
18494	LOC577832	1.07e-11	0.373973626	0.567	0.478	2.34e-7	pro-epidermal growth factor	spu:577832		NA	NA	NA	NA	NA	NA	NA	NA	NA	NA	NA	NA	NA	NA	NA	NA	NA	NA	NA	NA	NA	NA	NA	NA	NA
18505	LOC577852	1.86e-32	0.439175769	0.913	0.843	4.05e-28	60S ribosomal protein L30 isoform X2	spu:577852		NA	NA	NA	NA	NA	NA	NA	NA	NA	NA	NA	NA	NA	NA	NA	NA	NA	NA	NA	NA	NA	NA	NA	NA	NA
18525	LOC577883	0	0.950843216	0.595	0.018	0	NA	NA		NA	NA	NA	NA	NA	NA	NA	NA	NA	NA	NA	NA	NA	NA	NA	NA	NA	NA	NA	NA	NA	NA	NA	NA	NA
18582	LOC577982	1.86e-21	0.404870898	0.667	0.498	4.05e-17	ubiquitin-like protein FUBI	spu:577982		NA	NA	NA	NA	NA	NA	NA	NA	NA	NA	NA	NA	NA	NA	NA	NA	NA	NA	NA	NA	NA	NA	NA	NA	NA
18613	LOC578034	3.13e-16	0.348560826	0.587	0.45	6.83e-12	ribosomal protein L21-like	spu:578034		NA	NA	NA	NA	NA	NA	NA	NA	NA	NA	NA	NA	NA	NA	NA	NA	NA	NA	NA	NA	NA	NA	NA	NA	NA
18678	LOC578151	3.47e-28	0.441438304	0.659	0.434	7.58e-24	NA	NA		NA	NA	NA	NA	NA	NA	NA	NA	NA	NA	NA	NA	NA	NA	NA	NA	NA	NA	NA	NA	NA	NA	NA	NA	NA
18710	LOC578215	3.45e-20	0.264232763	0.984	0.992	7.53e-16	G kinase-anchoring protein 1	spu:578215		NA	NA	NA	NA	NA	NA	NA	NA	NA	NA	NA	NA	NA	NA	NA	NA	NA	NA	NA	NA	NA	NA	NA	NA	NA
18743	LOC578275	1.6e-12	0.289736973	0.476	0.337	3.5e-8	DNA topoisomerase 2-alpha	spu:578275		NA	NA	NA	NA	NA	NA	NA	NA	NA	NA	NA	NA	NA	NA	NA	NA	NA	NA	NA	NA	NA	NA	NA	NA	NA
18744	LOC578276	4.07e-16	0.354786858	0.623	0.493	8.87e-12	uncharacterized protein LOC578276	spu:578276		NA	NA	NA	NA	NA	NA	NA	NA	NA	NA	NA	NA	NA	NA	NA	NA	NA	NA	NA	NA	NA	NA	NA	NA	NA
18757	LOC578304	2.09e-20	0.358818651	0.337	0.146	4.56e-16	protein Shroom3 isoform X3	spu:578304		NA	NA	NA	NA	NA	NA	NA	NA	NA	NA	NA	NA	NA	NA	NA	NA	NA	NA	NA	NA	NA	NA	NA	NA	NA
18816	LOC578409	4.05e-6	0.252556189	0.516	0.494	0.088430591	uncharacterized protein LOC578409	spu:578409		NA	NA	NA	NA	NA	NA	NA	NA	NA	NA	NA	NA	NA	NA	NA	NA	NA	NA	NA	NA	NA	NA	NA	NA	NA
18847	LOC578469	1.1e-30	0.466368976	0.901	0.808	2.4e-26	radial spoke head protein 3 homolog isoform X2	spu:578469		NA	NA	NA	NA	NA	NA	NA	NA	NA	NA	NA	NA	NA	NA	NA	NA	NA	NA	NA	NA	NA	NA	NA	NA	NA
18938	LOC578637	2.47e-14	0.391177842	0.599	0.47	5.4e-10	transcription factor AP-4	spu:578637		NA	NA	NA	NA	NA	NA	NA	NA	NA	NA	NA	NA	NA	NA	NA	NA	NA	NA	NA	NA	NA	NA	NA	NA	NA
18962	LOC578691	1.31e-21	0.294843426	1	1	2.85e-17	ras-responsive element-binding protein 1 isoform X2	spu:578691		NA	NA	NA	NA	NA	NA	NA	NA	NA	NA	NA	NA	NA	NA	NA	NA	NA	NA	NA	NA	NA	NA	NA	NA	NA
18963	LOC578693	3.3e-55	0.427314515	1	0.996	7.2e-51	lymphocyte-specific helicase	spu:578693		NA	NA	NA	NA	NA	NA	NA	NA	NA	NA	NA	NA	NA	NA	NA	NA	NA	NA	NA	NA	NA	NA	NA	NA	NA
18966	LOC578696	5.2e-10	0.316428335	0.496	0.395	1.13e-5	NA	NA		NA	NA	NA	NA	NA	NA	NA	NA	NA	NA	NA	NA	NA	NA	NA	NA	NA	NA	NA	NA	NA	NA	NA	NA	NA
19012	LOC578794	1.69e-9	0.287658652	0.54	0.463	3.69e-5	40S ribosomal protein S27-like isoform X1	spu:578794		NA	NA	NA	NA	NA	NA	NA	NA	NA	NA	NA	NA	NA	NA	NA	NA	NA	NA	NA	NA	NA	NA	NA	NA	NA
19070	LOC578897	3.16e-12	0.316146428	0.766	0.712	6.89e-8	VID27-like protein	spu:578897		NA	NA	NA	NA	NA	NA	NA	NA	NA	NA	NA	NA	NA	NA	NA	NA	NA	NA	NA	NA	NA	NA	NA	NA	NA
19134	LOC579026	6.24e-26	0.411682284	0.71	0.524	1.36e-21	40S ribosomal protein S11	spu:579026		NA	NA	NA	NA	NA	NA	NA	NA	NA	NA	NA	NA	NA	NA	NA	NA	NA	NA	NA	NA	NA	NA	NA	NA	NA
19138	LOC579031	3.92e-8	0.2645735	0.607	0.574	8.54386e-4	probable ribonuclease ZC3H12C	spu:579031		NA	NA	NA	NA	NA	NA	NA	NA	NA	NA	NA	NA	NA	NA	NA	NA	NA	NA	NA	NA	NA	NA	NA	NA	NA
19227	LOC579194	1.01e-135	0.391209146	0.222	0.003	2.2e-131	tubulin alpha-3 chain isoform X2	spu:579194		NA	NA	NA	NA	NA	NA	NA	NA	NA	NA	NA	NA	NA	NA	NA	NA	NA	NA	NA	NA	NA	NA	NA	NA	NA
19249	LOC579231	6.19e-33	0.52772892	0.52	0.261	1.35e-28	dual specificity protein phosphatase 4	spu:579231		NA	NA	NA	NA	NA	NA	NA	NA	NA	NA	NA	NA	NA	NA	NA	NA	NA	NA	NA	NA	NA	NA	NA	NA	NA
19286	LOC579300	1.75e-10	0.253665716	0.575	0.483	3.82e-6	NA	NA		NA	NA	NA	NA	NA	NA	NA	NA	NA	NA	NA	NA	NA	NA	NA	NA	NA	NA	NA	NA	NA	NA	NA	NA	NA
19353	LOC579421	2.06e-36	0.317671556	0.298	0.075	4.49e-32	multidrug resistance-associated protein 4 isoform X1	spu:579421		NA	NA	NA	NA	NA	NA	NA	NA	NA	NA	NA	NA	NA	NA	NA	NA	NA	NA	NA	NA	NA	NA	NA	NA	NA
19582	LOC579838	2.8e-167	1.436635538	0.889	0.242	6.11e-163	fos-related antigen 1 isoform X2	spu:579838		NA	NA	NA	NA	NA	NA	NA	NA	NA	NA	NA	NA	NA	NA	NA	NA	NA	NA	NA	NA	NA	NA	NA	NA	NA
19707	LOC580060	2.21e-285	0.933306702	0.619	0.029	4.82e-281	cysteine-rich venom protein 6	spu:580060		NA	NA	NA	NA	NA	NA	NA	NA	NA	NA	NA	NA	NA	NA	NA	NA	NA	NA	NA	NA	NA	NA	NA	NA	NA
19740	LOC580113	3.32e-5	0.261129075	0.54	0.54	0.724093045	50 kDa gamma-zein isoform X2	spu:580113		NA	NA	NA	NA	NA	NA	NA	NA	NA	NA	NA	NA	NA	NA	NA	NA	NA	NA	NA	NA	NA	NA	NA	NA	NA
19906	LOC580437	2.12e-14	0.290276733	0.905	0.852	4.62e-10	uncharacterized protein PB18E9.04c	spu:580437		NA	NA	NA	NA	NA	NA	NA	NA	NA	NA	NA	NA	NA	NA	NA	NA	NA	NA	NA	NA	NA	NA	NA	NA	NA
20120	LOC580864	3.47e-12	0.310798489	0.607	0.546	7.58e-8	T-complex protein 1 subunit beta	spu:580864		NA	NA	NA	NA	NA	NA	NA	NA	NA	NA	NA	NA	NA	NA	NA	NA	NA	NA	NA	NA	NA	NA	NA	NA	NA
20206	LOC581034	2.88e-13	0.317521291	0.317	0.168	6.29e-9	uncharacterized protein LOC581034	spu:581034		NA	NA	NA	NA	NA	NA	NA	NA	NA	NA	NA	NA	NA	NA	NA	NA	NA	NA	NA	NA	NA	NA	NA	NA	NA
20299	LOC581196	1.35e-21	0.365426304	0.516	0.306	2.95e-17	40S ribosomal protein S13	spu:581196		NA	NA	NA	NA	NA	NA	NA	NA	NA	NA	NA	NA	NA	NA	NA	NA	NA	NA	NA	NA	NA	NA	NA	NA	NA
20357	LOC581322	2.53e-9	0.257230614	0.782	0.784	5.51e-5	SPRY domain-containing SOCS box protein 4	spu:581322		NA	NA	NA	NA	NA	NA	NA	NA	NA	NA	NA	NA	NA	NA	NA	NA	NA	NA	NA	NA	NA	NA	NA	NA	NA
20620	LOC581835	4.59e-11	0.314553257	0.889	0.903	1e-6	probable G protein-coupled receptor 85	spu:581835		NA	NA	NA	NA	NA	NA	NA	NA	NA	NA	NA	NA	NA	NA	NA	NA	NA	NA	NA	NA	NA	NA	NA	NA	NA
20629	LOC581850	1.03e-14	0.349854784	0.726	0.685	2.24e-10	uncharacterized protein LOC581850	spu:581850		NA	NA	NA	NA	NA	NA	NA	NA	NA	NA	NA	NA	NA	NA	NA	NA	NA	NA	NA	NA	NA	NA	NA	NA	NA
20783	LOC582130	2.83e-14	0.323142211	0.556	0.418	6.18e-10	eukaryotic translation initiation factor 3 subunit C	spu:582130		NA	NA	NA	NA	NA	NA	NA	NA	NA	NA	NA	NA	NA	NA	NA	NA	NA	NA	NA	NA	NA	NA	NA	NA	NA
20807	LOC582174	7.29e-14	0.268734272	0.937	0.965	1.59e-9	A-kinase anchor protein 9 isoform X1	spu:582174		LOC105336169	A-kinase anchor protein 9	2	0.171189802252716	2.24351453077495	0.701581027667984	0.244005746309505	0.123948667406918	4.57216505027001e-63	1.81878896833721e-57	lcl|NW_011934767.1_cds_XP_019925995.1_1798	sp|Q70FJ1|AKAP9_MOUSE	1.95e-29	XP_030846595.1	1.79e-26	1752373788	ECB-GENE-23103357	NA	NA	NA	NA	NA	XP_019925995.1	PREDICTED: A-kinase anchor protein 9 isoform X5 [Crassostrea gigas]	0
20807	LOC582174	7.29e-14	0.268734272	0.937	0.965	1.59e-9	A-kinase anchor protein 9 isoform X1	spu:582174		LOC105336169	A-kinase anchor protein 9	2	0.171189802252716	2.24351453077495	0.701581027667984	0.244005746309505	0.123948667406918	4.57216505027001e-63	1.81878896833721e-57	lcl|NW_011934767.1_cds_XP_019925994.1_1799	sp|Q70FJ1|AKAP9_MOUSE	1.96e-29	XP_030846595.1	1.83e-26	1752373788	ECB-GENE-23103357	NA	NA	NA	NA	NA	XP_019925994.1	PREDICTED: A-kinase anchor protein 9 isoform X4 [Crassostrea gigas]	0
20807	LOC582174	7.29e-14	0.268734272	0.937	0.965	1.59e-9	A-kinase anchor protein 9 isoform X1	spu:582174		LOC105336169	A-kinase anchor protein 9	2	0.171189802252716	2.24351453077495	0.701581027667984	0.244005746309505	0.123948667406918	4.57216505027001e-63	1.81878896833721e-57	lcl|NW_011934767.1_cds_XP_019925991.1_1800	NA	NA	XP_030846593.1	7.61e-17	1752373786	ECB-GENE-23103357	NA	NA	NA	NA	NA	XP_019925991.1	PREDICTED: A-kinase anchor protein 9 isoform X3 [Crassostrea gigas]	0
20807	LOC582174	7.29e-14	0.268734272	0.937	0.965	1.59e-9	A-kinase anchor protein 9 isoform X1	spu:582174		LOC105336169	A-kinase anchor protein 9	2	0.171189802252716	2.24351453077495	0.701581027667984	0.244005746309505	0.123948667406918	4.57216505027001e-63	1.81878896833721e-57	lcl|NW_011934767.1_cds_XP_019925987.1_1801	NA	NA	XP_030846593.1	7.63e-17	1752373786	ECB-GENE-23103357	NA	NA	NA	NA	NA	XP_019925987.1	PREDICTED: A-kinase anchor protein 9 isoform X1 [Crassostrea gigas]	0
20807	LOC582174	7.29e-14	0.268734272	0.937	0.965	1.59e-9	A-kinase anchor protein 9 isoform X1	spu:582174		LOC105336169	A-kinase anchor protein 9	2	0.171189802252716	2.24351453077495	0.701581027667984	0.244005746309505	0.123948667406918	4.57216505027001e-63	1.81878896833721e-57	lcl|NW_011934767.1_cds_XP_019925990.1_1802	NA	NA	XP_030846593.1	7.62e-17	1752373786	ECB-GENE-23103357	NA	NA	NA	NA	NA	XP_019925990.1	PREDICTED: golgin subfamily B member 1 isoform X2 [Crassostrea gigas]	0
20824	LOC582205	8.81e-23	0.453747404	0.746	0.589	1.92e-18	uncharacterized protein LOC582205 isoform X2	spu:582205		NA	NA	NA	NA	NA	NA	NA	NA	NA	NA	NA	NA	NA	NA	NA	NA	NA	NA	NA	NA	NA	NA	NA	NA	NA
21013	LOC582611	7.31e-15	0.336716344	0.405	0.244	1.59e-10	uncharacterized protein LOC582611 isoform X1	spu:582611		NA	NA	NA	NA	NA	NA	NA	NA	NA	NA	NA	NA	NA	NA	NA	NA	NA	NA	NA	NA	NA	NA	NA	NA	NA
21091	LOC582795	1.39e-31	0.465018923	0.556	0.294	3.04e-27	protein CASC1 isoform X1	spu:582795		NA	NA	NA	NA	NA	NA	NA	NA	NA	NA	NA	NA	NA	NA	NA	NA	NA	NA	NA	NA	NA	NA	NA	NA	NA
21107	LOC582822	4.86e-11	0.307841379	0.611	0.51	1.06e-6	eukaryotic translation initiation factor 5	spu:582822		NA	NA	NA	NA	NA	NA	NA	NA	NA	NA	NA	NA	NA	NA	NA	NA	NA	NA	NA	NA	NA	NA	NA	NA	NA
21221	LOC583049	1.21e-217	0.589653032	0.405	0.011	2.63e-213	extracellular serine/threonine protein kinase FAM20C	spu:583049		NA	NA	NA	NA	NA	NA	NA	NA	NA	NA	NA	NA	NA	NA	NA	NA	NA	NA	NA	NA	NA	NA	NA	NA	NA
21228	LOC583063	4.58e-10	0.252766155	0.484	0.375	1e-5	cyclic AMP-responsive element-binding protein 3-like protein 1	spu:583063		NA	NA	NA	NA	NA	NA	NA	NA	NA	NA	NA	NA	NA	NA	NA	NA	NA	NA	NA	NA	NA	NA	NA	NA	NA
21566	LOC583818	7.57e-10	0.276380651	0.742	0.712	1.65e-5	ATP synthase F(0) complex subunit C2, mitochondrial	spu:583818		NA	NA	NA	NA	NA	NA	NA	NA	NA	NA	NA	NA	NA	NA	NA	NA	NA	NA	NA	NA	NA	NA	NA	NA	NA
21670	LOC584069	2.56e-9	0.262763601	0.341	0.23	5.59e-5	putative defense protein 3	spu:584069		NA	NA	NA	NA	NA	NA	NA	NA	NA	NA	NA	NA	NA	NA	NA	NA	NA	NA	NA	NA	NA	NA	NA	NA	NA
21696	LOC584138	2.84e-19	0.290664211	0.361	0.154	6.19e-15	transcription factor Sp5	spu:584138		LOC105323051	transcription factor Sp5	11	0.383722709372628	0.777216445302425	0.732718894009217	0.523697031030568	0.474815834160413	2.65243785078139e-110	1.05512916728943e-104	lcl|NW_011934985.1_cds_XP_011420310.1_4287	sp|Q6BEB4|SP5_HUMAN	3.3e-61	XP_789110.2	2.26e-57	1752403548	ECB-GENE-23176687	FBgn0039169	3.11e-17	Y40B1A.4.1	5.48e-40	sptf-3	XP_011420310.1	PREDICTED: transcription factor Sp5 [Crassostrea gigas]	0
21769	LOC584322	7.53e-90	1.110858825	0.877	0.521	1.64e-85	cytoplasmic polyadenylation element-binding protein 2 isoform X2	spu:584322		NA	NA	NA	NA	NA	NA	NA	NA	NA	NA	NA	NA	NA	NA	NA	NA	NA	NA	NA	NA	NA	NA	NA	NA	NA
21914	LOC584662	4.49e-14	0.298388653	0.611	0.491	9.79e-10	coiled-coil domain-containing protein 92	spu:584662		NA	NA	NA	NA	NA	NA	NA	NA	NA	NA	NA	NA	NA	NA	NA	NA	NA	NA	NA	NA	NA	NA	NA	NA	NA
22063	LOC585040	2.52e-62	0.544762216	0.484	0.13	5.5e-58	proprotein convertase subtilisin/kexin type 7	spu:585040		NA	NA	NA	NA	NA	NA	NA	NA	NA	NA	NA	NA	NA	NA	NA	NA	NA	NA	NA	NA	NA	NA	NA	NA	NA
22353	LOC585718	4.7e-30	0.258582298	0.258	0.065	1.03e-25	uncharacterized protein LOC585718 isoform X1	spu:585718		NA	NA	NA	NA	NA	NA	NA	NA	NA	NA	NA	NA	NA	NA	NA	NA	NA	NA	NA	NA	NA	NA	NA	NA	NA
22421	LOC585895	0	1.677565376	0.956	0.073	0	paired mesoderm homeobox protein 2A	spu:585895		NA	NA	NA	NA	NA	NA	NA	NA	NA	NA	NA	NA	NA	NA	NA	NA	NA	NA	NA	NA	NA	NA	NA	NA	NA
22498	LOC586069	2.12e-36	0.839923231	0.806	0.665	4.63e-32	LOW QUALITY PROTEIN: uncharacterized protein LOC586069	spu:586069		NA	NA	NA	NA	NA	NA	NA	NA	NA	NA	NA	NA	NA	NA	NA	NA	NA	NA	NA	NA	NA	NA	NA	NA	NA
22512	LOC586110	1.3e-14	0.297888657	0.476	0.317	2.83e-10	40S ribosomal protein S9	spu:586110		NA	NA	NA	NA	NA	NA	NA	NA	NA	NA	NA	NA	NA	NA	NA	NA	NA	NA	NA	NA	NA	NA	NA	NA	NA
22608	LOC586345	1.47e-19	0.36205954	0.766	0.689	3.2e-15	60S acidic ribosomal protein P2	spu:586345		NA	NA	NA	NA	NA	NA	NA	NA	NA	NA	NA	NA	NA	NA	NA	NA	NA	NA	NA	NA	NA	NA	NA	NA	NA
22624	LOC586389	8.94e-8	0.310272696	0.373	0.286	0.001950516	optomotor-blind protein	spu:586389		NA	NA	NA	NA	NA	NA	NA	NA	NA	NA	NA	NA	NA	NA	NA	NA	NA	NA	NA	NA	NA	NA	NA	NA	NA
22794	LOC586768	3.63e-14	0.41209792	0.492	0.349	7.92e-10	39S ribosomal protein L43, mitochondrial	spu:586768		NA	NA	NA	NA	NA	NA	NA	NA	NA	NA	NA	NA	NA	NA	NA	NA	NA	NA	NA	NA	NA	NA	NA	NA	NA
23055	LOC587430	2.13e-9	0.273838668	0.552	0.465	4.64e-5	ATP synthase subunit O, mitochondrial	spu:587430		NA	NA	NA	NA	NA	NA	NA	NA	NA	NA	NA	NA	NA	NA	NA	NA	NA	NA	NA	NA	NA	NA	NA	NA	NA
23091	LOC587526	6.27e-13	0.274063191	0.873	0.884	1.37e-8	RING finger protein 11	spu:587526		NA	NA	NA	NA	NA	NA	NA	NA	NA	NA	NA	NA	NA	NA	NA	NA	NA	NA	NA	NA	NA	NA	NA	NA	NA
23312	LOC588058	1.9e-6	0.257459429	0.544	0.515	0.041547096	NA	NA		NA	NA	NA	NA	NA	NA	NA	NA	NA	NA	NA	NA	NA	NA	NA	NA	NA	NA	NA	NA	NA	NA	NA	NA	NA
23368	LOC588193	1.78e-15	0.303794409	0.845	0.809	3.88e-11	SWI/SNF-related matrix-associated actin-dependent regulator of chromatin subfamily E member 1	spu:588193		NA	NA	NA	NA	NA	NA	NA	NA	NA	NA	NA	NA	NA	NA	NA	NA	NA	NA	NA	NA	NA	NA	NA	NA	NA
23406	LOC588294	4.27e-16	0.32984303	0.944	0.948	9.32e-12	transcription factor AP-1	spu:588294		NA	NA	NA	NA	NA	NA	NA	NA	NA	NA	NA	NA	NA	NA	NA	NA	NA	NA	NA	NA	NA	NA	NA	NA	NA
23933	LOC589555	1.38e-15	0.279466373	0.925	0.889	3.02e-11	armadillo repeat-containing protein 4	spu:589555		NA	NA	NA	NA	NA	NA	NA	NA	NA	NA	NA	NA	NA	NA	NA	NA	NA	NA	NA	NA	NA	NA	NA	NA	NA
23941	LOC589574	9.93e-14	0.31824622	0.623	0.51	2.17e-9	U2 snRNP-associated SURP motif-containing protein	spu:589574		NA	NA	NA	NA	NA	NA	NA	NA	NA	NA	NA	NA	NA	NA	NA	NA	NA	NA	NA	NA	NA	NA	NA	NA	NA
24003	LOC589717	4.86e-9	0.250279528	0.73	0.726	1.06002e-4	nuclear migration protein nudC	spu:589717		NA	NA	NA	NA	NA	NA	NA	NA	NA	NA	NA	NA	NA	NA	NA	NA	NA	NA	NA	NA	NA	NA	NA	NA	NA
24118	LOC589961	7.36e-14	0.344004987	0.56	0.445	1.61e-9	40S ribosomal protein S25	spu:589961		NA	NA	NA	NA	NA	NA	NA	NA	NA	NA	NA	NA	NA	NA	NA	NA	NA	NA	NA	NA	NA	NA	NA	NA	NA
24162	LOC590067	4.89e-15	0.250488343	0.976	0.987	1.07e-10	nucleolar protein 56	spu:590067		NA	NA	NA	NA	NA	NA	NA	NA	NA	NA	NA	NA	NA	NA	NA	NA	NA	NA	NA	NA	NA	NA	NA	NA	NA
24321	LOC590448	1.44e-220	1.602297437	0.893	0.145	3.14e-216	uncharacterized protein LOC590448	spu:590448		NA	NA	NA	NA	NA	NA	NA	NA	NA	NA	NA	NA	NA	NA	NA	NA	NA	NA	NA	NA	NA	NA	NA	NA	NA
24336	LOC590481	1.35e-10	0.379934241	0.579	0.497	2.94e-6	eukaryotic translation initiation factor 2 subunit 2	spu:590481		NA	NA	NA	NA	NA	NA	NA	NA	NA	NA	NA	NA	NA	NA	NA	NA	NA	NA	NA	NA	NA	NA	NA	NA	NA
24608	LOC591120	6.48e-43	0.530444469	0.679	0.373	1.41e-38	ATPase WRNIP1	spu:591120		NA	NA	NA	NA	NA	NA	NA	NA	NA	NA	NA	NA	NA	NA	NA	NA	NA	NA	NA	NA	NA	NA	NA	NA	NA
24685	LOC591328	2.9e-14	0.316396605	0.556	0.42	6.33e-10	ATP synthase subunit d, mitochondrial	spu:591328		NA	NA	NA	NA	NA	NA	NA	NA	NA	NA	NA	NA	NA	NA	NA	NA	NA	NA	NA	NA	NA	NA	NA	NA	NA
24796	LOC591582	8.03e-28	0.436146013	0.651	0.429	1.75e-23	probable 60S ribosomal protein L37-A isoform X1	spu:591582		NA	NA	NA	NA	NA	NA	NA	NA	NA	NA	NA	NA	NA	NA	NA	NA	NA	NA	NA	NA	NA	NA	NA	NA	NA
24867	LOC591735	2.97e-13	0.264073291	0.885	0.893	6.48e-9	cilia- and flagella-associated protein 45	spu:591735		NA	NA	NA	NA	NA	NA	NA	NA	NA	NA	NA	NA	NA	NA	NA	NA	NA	NA	NA	NA	NA	NA	NA	NA	NA
24946	LOC591874	1.86e-13	0.314520483	0.48	0.338	4.06e-9	60S ribosomal protein L9	spu:591874		NA	NA	NA	NA	NA	NA	NA	NA	NA	NA	NA	NA	NA	NA	NA	NA	NA	NA	NA	NA	NA	NA	NA	NA	NA
24991	LOC591980	1.13e-18	0.393769642	0.464	0.288	2.48e-14	protein Wnt-16	spu:591980		NA	NA	NA	NA	NA	NA	NA	NA	NA	NA	NA	NA	NA	NA	NA	NA	NA	NA	NA	NA	NA	NA	NA	NA	NA
25047	LOC592098	2.03e-18	0.287310386	0.353	0.165	4.42e-14	60S ribosomal protein L18a	spu:592098		NA	NA	NA	NA	NA	NA	NA	NA	NA	NA	NA	NA	NA	NA	NA	NA	NA	NA	NA	NA	NA	NA	NA	NA	NA
25289	LOC592626	6.81e-19	0.376148952	0.639	0.525	1.49e-14	60S ribosomal protein L34-B	spu:592626		NA	NA	NA	NA	NA	NA	NA	NA	NA	NA	NA	NA	NA	NA	NA	NA	NA	NA	NA	NA	NA	NA	NA	NA	NA
25542	LOC593175	1.56e-100	0.547427493	0.397	0.049	3.41e-96	hairy/enhancer-of-split related with YRPW motif protein isoform X2	spu:593175		LOC105324760	uncharacterized LOC105324760	10	0.378162861798624	4.16211415815735	0.940677966101695	0.402010970200339	0.506564443704826	6.04858732996594e-124	2.40610384551113e-118	lcl|NW_011942113.1_cds_XP_011422225.1_45215	NA	NA	XP_011662791.1	1.94e-6	780186685	ECB-GENE-23123239	NA	NA	NA	NA	NA	XP_011422225.1	PREDICTED: uncharacterized protein LOC105324760 isoform X2 [Crassostrea gigas]	4e-135
25542	LOC593175	1.56e-100	0.547427493	0.397	0.049	3.41e-96	hairy/enhancer-of-split related with YRPW motif protein isoform X2	spu:593175		LOC105324760	uncharacterized LOC105324760	10	0.378162861798624	4.16211415815735	0.940677966101695	0.402010970200339	0.506564443704826	6.04858732996594e-124	2.40610384551113e-118	lcl|NW_011942113.1_cds_XP_011422224.1_45216	NA	NA	XP_011662791.1	1.95e-6	780186685	ECB-GENE-23123239	NA	NA	NA	NA	NA	XP_011422224.1	PREDICTED: uncharacterized protein LOC105324760 isoform X1 [Crassostrea gigas]	1e-173
25542	LOC593175	1.56e-100	0.547427493	0.397	0.049	3.41e-96	hairy/enhancer-of-split related with YRPW motif protein isoform X2	spu:593175		LOC105324760	uncharacterized LOC105324760	10	0.378162861798624	4.16211415815735	0.940677966101695	0.402010970200339	0.506564443704826	6.04858732996594e-124	2.40610384551113e-118	lcl|NW_011942113.1_cds_XP_011422227.1_45217	NA	NA	XP_011662791.1	1.38e-6	780186685	ECB-GENE-23123239	NA	NA	NA	NA	NA	XP_011422227.1	PREDICTED: uncharacterized protein LOC105324760 isoform X3 [Crassostrea gigas]	1e-120
25542	LOC593175	1.56e-100	0.547427493	0.397	0.049	3.41e-96	hairy/enhancer-of-split related with YRPW motif protein isoform X2	spu:593175		LOC105324760	uncharacterized LOC105324760	10	0.378162861798624	4.16211415815735	0.940677966101695	0.402010970200339	0.506564443704826	6.04858732996594e-124	2.40610384551113e-118	lcl|NW_011942113.1_cds_XP_011422228.1_45218	NA	NA	XP_011662791.1	1.09e-6	780186685	ECB-GENE-23123239	NA	NA	NA	NA	NA	XP_011422225.1	PREDICTED: uncharacterized protein LOC105324760 isoform X2 [Crassostrea gigas]	9e-112
25542	LOC593175	1.56e-100	0.547427493	0.397	0.049	3.41e-96	hairy/enhancer-of-split related with YRPW motif protein isoform X2	spu:593175		LOC105324760	uncharacterized LOC105324760	10	0.378162861798624	4.16211415815735	0.940677966101695	0.402010970200339	0.506564443704826	6.04858732996594e-124	2.40610384551113e-118	lcl|NW_011942113.1_cds_XP_011422229.1_45219	NA	NA	XP_011662791.1	1.09e-6	780186685	ECB-GENE-23123239	NA	NA	NA	NA	NA	XP_011422225.1	PREDICTED: uncharacterized protein LOC105324760 isoform X2 [Crassostrea gigas]	9e-112
25602	LOC593355	5.95e-26	0.42634695	0.361	0.145	1.3e-21	calumenin-A	spu:593355		NA	NA	NA	NA	NA	NA	NA	NA	NA	NA	NA	NA	NA	NA	NA	NA	NA	NA	NA	NA	NA	NA	NA	NA	NA
25667	LOC593520	3.26e-184	2.425944739	0.996	0.377	7.12e-180	transcription factor SOX-4	spu:593520		NA	NA	NA	NA	NA	NA	NA	NA	NA	NA	NA	NA	NA	NA	NA	NA	NA	NA	NA	NA	NA	NA	NA	NA	NA
25937	LOC594218	5.11e-8	0.269206091	0.762	0.778	0.001114446	nuclear speckle splicing regulatory protein 1	spu:594218		NA	NA	NA	NA	NA	NA	NA	NA	NA	NA	NA	NA	NA	NA	NA	NA	NA	NA	NA	NA	NA	NA	NA	NA	NA
26085	LOC594653	1.23e-10	0.302430019	0.401	0.275	2.68e-6	transcriptional adapter 3	spu:594653		NA	NA	NA	NA	NA	NA	NA	NA	NA	NA	NA	NA	NA	NA	NA	NA	NA	NA	NA	NA	NA	NA	NA	NA	NA
26208	LOC752135	6.12e-25	0.49866635	0.595	0.396	1.34e-20	NA	NA		NA	NA	NA	NA	NA	NA	NA	NA	NA	NA	NA	NA	NA	NA	NA	NA	NA	NA	NA	NA	NA	NA	NA	NA	NA
26221	LOC752174	6.57e-8	0.264168027	0.746	0.771	0.001433026	NA	NA		NA	NA	NA	NA	NA	NA	NA	NA	NA	NA	NA	NA	NA	NA	NA	NA	NA	NA	NA	NA	NA	NA	NA	NA	NA
26264	LOC752296	1.88e-62	0.794821763	0.77	0.432	4.11e-58	protein sprouty homolog 3	spu:752296		NA	NA	NA	NA	NA	NA	NA	NA	NA	NA	NA	NA	NA	NA	NA	NA	NA	NA	NA	NA	NA	NA	NA	NA	NA
26320	LOC752471	1.06e-17	0.44574687	0.746	0.686	2.31e-13	calumenin isoform X2	spu:752471		NA	NA	NA	NA	NA	NA	NA	NA	NA	NA	NA	NA	NA	NA	NA	NA	NA	NA	NA	NA	NA	NA	NA	NA	NA
26344	LOC752530	4.4e-192	0.691911799	0.381	0.013	9.61e-188	putative RNA polymerase II transcriptional coactivator isoform X1	spu:752530		NA	NA	NA	NA	NA	NA	NA	NA	NA	NA	NA	NA	NA	NA	NA	NA	NA	NA	NA	NA	NA	NA	NA	NA	NA
26366	LOC752601	1.14e-38	0.583063272	0.837	0.625	2.49e-34	serine/threonine-protein kinase 35	spu:752601		NA	NA	NA	NA	NA	NA	NA	NA	NA	NA	NA	NA	NA	NA	NA	NA	NA	NA	NA	NA	NA	NA	NA	NA	NA
26526	LOC753129	3.46e-11	0.292645044	0.504	0.394	7.56e-7	NA	NA		NA	NA	NA	NA	NA	NA	NA	NA	NA	NA	NA	NA	NA	NA	NA	NA	NA	NA	NA	NA	NA	NA	NA	NA	NA
26595	LOC753380	4.14e-18	0.313282513	0.917	0.904	9.02e-14	selenoprotein S	spu:753380		NA	NA	NA	NA	NA	NA	NA	NA	NA	NA	NA	NA	NA	NA	NA	NA	NA	NA	NA	NA	NA	NA	NA	NA	NA
26921	LOC754487	3.02e-148	0.510189616	0.286	0.008	6.58e-144	putative RNA polymerase II transcriptional coactivator isoform X1	spu:754487		NA	NA	NA	NA	NA	NA	NA	NA	NA	NA	NA	NA	NA	NA	NA	NA	NA	NA	NA	NA	NA	NA	NA	NA	NA
27025	LOC755020	1.12e-142	1.125648346	0.817	0.211	2.44e-138	uncharacterized protein LOC755020 isoform X1	spu:755020		NA	NA	NA	NA	NA	NA	NA	NA	NA	NA	NA	NA	NA	NA	NA	NA	NA	NA	NA	NA	NA	NA	NA	NA	NA
27040	LOC755086	2.67e-11	0.27414408	0.611	0.508	5.82e-7	LOW QUALITY PROTEIN: uncharacterized protein LOC755086	spu:755086		NA	NA	NA	NA	NA	NA	NA	NA	NA	NA	NA	NA	NA	NA	NA	NA	NA	NA	NA	NA	NA	NA	NA	NA	NA
27205	LOC755970	2.98e-20	0.298561855	0.464	0.254	6.51e-16	NA	NA		NA	NA	NA	NA	NA	NA	NA	NA	NA	NA	NA	NA	NA	NA	NA	NA	NA	NA	NA	NA	NA	NA	NA	NA	NA
28072	LOC764357	4.75e-33	0.261517671	0.238	0.053	1.04e-28	uncharacterized protein LOC764357	spu:764357		NA	NA	NA	NA	NA	NA	NA	NA	NA	NA	NA	NA	NA	NA	NA	NA	NA	NA	NA	NA	NA	NA	NA	NA	NA
28076	LOC764368	2.49e-12	0.3174142	0.52	0.405	5.43e-8	40S ribosomal protein S8	spu:764368		NA	NA	NA	NA	NA	NA	NA	NA	NA	NA	NA	NA	NA	NA	NA	NA	NA	NA	NA	NA	NA	NA	NA	NA	NA
28253	LOC765036	2e-50	0.625534522	0.595	0.256	4.36e-46	zinc finger protein OZF	spu:765036		NA	NA	NA	NA	NA	NA	NA	NA	NA	NA	NA	NA	NA	NA	NA	NA	NA	NA	NA	NA	NA	NA	NA	NA	NA
28254	LOC765039	4.33e-9	0.25535278	0.607	0.565	9.46e-5	uncharacterized protein LOC765039	spu:765039		NA	NA	NA	NA	NA	NA	NA	NA	NA	NA	NA	NA	NA	NA	NA	NA	NA	NA	NA	NA	NA	NA	NA	NA	NA
28303	Nanos2	2.26e-59	0.281188873	0.27	0.035	4.94e-55	NA	NA		NA	NA	NA	NA	NA	NA	NA	NA	NA	NA	NA	NA	NA	NA	NA	NA	NA	NA	NA	NA	NA	NA	NA	NA	NA
28304	Nfe2	1.05e-18	0.368549156	0.452	0.269	2.28e-14	NA	NA		NA	NA	NA	NA	NA	NA	NA	NA	NA	NA	NA	NA	NA	NA	NA	NA	NA	NA	NA	NA	NA	NA	NA	NA	NA
28305	PMAR1	5.89e-134	0.69440006	0.536	0.07	1.29e-129	NA	NA		NA	NA	NA	NA	NA	NA	NA	NA	NA	NA	NA	NA	NA	NA	NA	NA	NA	NA	NA	NA	NA	NA	NA	NA	NA
28306	rps15a	1.1e-29	0.449171607	0.698	0.488	2.39e-25	NA	NA		NA	NA	NA	NA	NA	NA	NA	NA	NA	NA	NA	NA	NA	NA	NA	NA	NA	NA	NA	NA	NA	NA	NA	NA	NA
28307	SLBP	7.28e-22	0.265194851	0.988	0.989	1.59e-17	NA	NA		NA	NA	NA	NA	NA	NA	NA	NA	NA	NA	NA	NA	NA	NA	NA	NA	NA	NA	NA	NA	NA	NA	NA	NA	NA
28308	SpP19L	5.5e-292	1.020972235	0.496	0.01	1.2e-287	NA	NA		NA	NA	NA	NA	NA	NA	NA	NA	NA	NA	NA	NA	NA	NA	NA	NA	NA	NA	NA	NA	NA	NA	NA	NA	NA
28309	wnt1	1.79e-245	0.703276301	0.516	0.02	3.91e-241	NA	NA		NA	NA	NA	NA	NA	NA	NA	NA	NA	NA	NA	NA	NA	NA	NA	NA	NA	NA	NA	NA	NA	NA	NA	NA	NA
28310	Wnt8	3.28e-56	0.425397208	0.456	0.121	7.17e-52	NA	NA		NA	NA	NA	NA	NA	NA	NA	NA	NA	NA	NA	NA	NA	NA	NA	NA	NA	NA	NA	NA	NA	NA	NA	NA	NA
